index,module,topic,color,feed,term,created,country,ratio,counter,pages,language,ipcc,continent
'1f98506a0f',extremes,Flood,#030ba1,wmo,flashflood gush dan,2026-01-18T03:57:00+00:00,Israel,0.5629968655678568,1,1,he,MED,Asia
'7e4845fc87',extremes,Precipitation,#d60d2b,wmo,גשם ישראל,2026-01-18T03:57:00+00:00,Israel,0.3480256303517355,6,1,he,MED,Asia
'd8ba2fa4bf',extremes,Flood,#030ba1,wmo,הצפת דרום יהודה מדבר ים המלח,2026-01-18T03:57:00+00:00,Israel,0.3439635026889882,4,1,he,MED,Asia
'04525d6c1f',extremes,Storm,#b3b2b1,wmo,סערה ים צפון,2026-01-22T03:59:00+00:00,Israel,0.3273376678588269,4,1,he,MED,Asia
'b9418001ff',extremes,Earthquake,#870007,usgs,רעידת אדמה bitung,2026-01-15T10:56:00+00:00,Indonesia,0.319433633471652,0,1,he,SEA,Asia
'ebe3f8a23f',extremes,Drought,#edc291,edo,חוסר גשם קיריבטי,2026-01-15T10:57:00+00:00,Kiribati,0.3194305040332959,0,1,he,EAO,Atlantic Ocean
'3f59d8a7a4',extremes,Drought,#edc291,edo,בצורת ארמניה,2026-01-15T10:57:00+00:00,Armenia,0.3194219355111868,0,1,he,WCA,Asia
'f1493fbbc1',extremes,Drought,#edc291,edo,מחסור באי גשם,2026-01-15T10:57:00+00:00,Bouvet Island,0.3194139236097523,0,1,he,SOO,Antarctica
'5bd3759e67',extremes,Drought,#edc291,edo,בצורת וואליס ופוטונה,2026-01-15T10:57:00+00:00,Wallis and Futuna,0.31941119043432,0,1,he,SPO,Pacific Ocean
'9845e6aafe',extremes,Drought,#edc291,edo,בצורת איי מריאנה הצפוניים,2026-01-15T10:57:00+00:00,Northern Mariana Islands,0.3194050900910309,0,1,he,NPO,Pacific Ocean
'63aea37e6c',extremes,Earthquake,#870007,usgs,רעידת אדמה מוטסו,2026-01-15T10:56:00+00:00,Japan,0.3193994258812029,0,1,he,EAS,Asia
'b5bfafc451',extremes,Drought,#edc291,edo,חוסר גשם ארצות הברית איים מרוחקים קטנים,2026-01-15T10:57:00+00:00,United States Minor Outlying Islands,0.3193987013593226,0,1,he,WAF,Africa
'4f9450d173',extremes,Snow&Ice,#d60d2b,wmo,פרוסט ישראל,2026-01-21T03:56:00+00:00,Israel,0.3172738706024913,5,1,he,MED,Asia
'a29729e148',extremes,Storm,#b3b2b1,wmo,גל סערה ישראל,2026-01-20T03:56:00+00:00,Israel,0.3142973314574138,5,1,he,MED,Asia
'023403ed71',extremes,Drought,#edc291,edo,בצורת ישראל,2026-01-23T04:03:00+00:00,Israel,0.3082591968924881,2,1,he,MED,Asia
'6e08a1f3a5',extremes,Snow&Ice,#d60d2b,wmo,ישראל מקפיאה,2026-01-20T03:56:00+00:00,Israel,0.3078848652141223,5,1,he,MED,Asia
'0d9db7ec5c',extremes,Drought,#edc291,edo,יובש ישראל,2026-01-24T03:49:00+00:00,Israel,0.3055604515613971,2,1,he,MED,Asia
'f8f5c3ad5f',extremes,Drought,#edc291,edo,חוסר גשם ישראל,2026-01-21T03:56:00+00:00,Israel,0.3049053716161056,2,1,he,MED,Asia
'92e2638c77',extremes,Flood,#030ba1,wmo,מציף את ישראל,2026-01-18T03:57:00+00:00,Israel,0.2974261657935966,5,1,he,MED,Asia
'14ee48e99d',extremes,Thunderstorm,#53785a,wmo,מזג אוויר קשה ישראל,2026-01-18T03:57:00+00:00,Israel,0.2963872068898083,5,1,he,MED,Asia
'b47766f171',extremes,Drought,#edc291,edo,יובש ישראל,2026-01-19T04:03:00+00:00,Israel,0.2817928219024305,3,1,he,MED,Asia
'aab7909052',extremes,Fog,#d60d2b,wmo,ערפל ישראל,2026-01-19T04:03:00+00:00,Israel,0.2800761376687898,5,1,he,MED,Asia
'ebe314dd99',extremes,Flood,#030ba1,aidr,גשמים כבדים ושיטפונות קווינסלנד בפברואר 2020,2026-01-15T10:57:00+00:00,Australia,0.2719274879956287,1,1,he,EAU,Oceania
'02f56319a7',extremes,Flood,#030ba1,wmo,הצפה אוסטרליה,2026-01-15T10:56:00+00:00,Australia,0.2719265309500764,1,1,he,CAU,Oceania
'3894a694d1',extremes,Flood,#030ba1,aidr,שיטפון הבזק אוסטרליה,2026-01-15T10:57:00+00:00,Australia,0.2719202089432805,1,1,he,EAU,Oceania
'6852666385',extremes,Earthquake,#870007,usgs,רעידת אדמה נמל מתורין,2026-01-15T12:13:00+00:00,Mauritius,0.2718822322144194,1,1,he,SIO,Indian Ocean
'2c38aada07',extremes,Earthquake,#870007,usgs,רעידת אדמה קולצ'אן,2026-01-15T12:13:00+00:00,Chile,0.2718806833866668,1,1,he,SWS,South-America
'3a67915e02',extremes,Earthquake,#870007,usgs,רעידת אדמה פרו,2026-01-15T10:56:00+00:00,Peru,0.2718785030627262,1,1,he,NWS,South-America
'66889dc3f2',extremes,Earthquake,#870007,usgs,רעידת אדמה ollagüe,2026-01-15T10:56:00+00:00,Chile,0.2718780783172336,1,1,he,SWS,South-America
'6bad2a8cbc',extremes,Earthquake,#870007,usgs,רעידת אדמה בסן אגוסטין דה ואלה פרטיל,2026-01-15T12:13:00+00:00,Argentina,0.2718757205905468,1,1,he,SES,South-America
'1a17358ebb',extremes,Tsunami,#690191,usgs,צונאמי טובלו,2026-01-15T10:56:00+00:00,Indonesia,0.2718699822017002,1,1,he,SEA,Asia
'26349abe17',extremes,Tsunami,#690191,usgs,תחנת צונאמי אטו,2026-01-15T12:13:00+00:00,Alaska,0.2718689965501044,1,1,he,NPO,Pacific Ocean
'76ad379230',extremes,Earthquake,#870007,usgs,רעידת אדמה petropavlovsk kamchatsky,2026-01-15T10:56:00+00:00,Russia,0.2718656567756997,1,1,he,RFE,Asia
'4d51911b1d',extremes,Earthquake,#870007,usgs,רעידת אדמה סולה,2026-01-15T10:56:00+00:00,Vanuatu,0.2718575484724872,1,1,he,SPO,Pacific Ocean
'23ad2bb822',extremes,Earthquake,#870007,usgs,רעידת אדמה רוסיה,2026-01-15T10:56:00+00:00,Russia,0.2718529952183668,1,1,he,EAS,Asia
'2617cc6cc9',extremes,Earthquake,#870007,usgs,רעידת אדמה ניו זילנד,2026-01-15T10:56:00+00:00,New Zealand,0.2718520640906192,1,1,he,NZ,Oceania
'73d01d320c',extremes,Earthquake,#870007,usgs,רעידת אדמה אפגניסטן,2026-01-15T12:13:00+00:00,Afghanistan,0.2718481300815867,1,1,he,WCA,Asia
'f4e7397282',extremes,Tsunami,#690191,usgs,נמל צונאמי alsworth,2026-01-15T10:56:00+00:00,United States,0.2718481108233403,1,1,he,NWN,North-America
'072f41af80',extremes,Earthquake,#870007,usgs,רעידת אדמה אראטוקה,2026-01-15T10:56:00+00:00,Colombia,0.2718445019598915,1,1,he,NWS,South-America
'e1256a9495',extremes,Tsunami,#690191,usgs,צונאמי rancho viejo,2026-01-15T10:56:00+00:00,Mexico,0.2718375840922009,1,1,he,SCA,North-America
'f8fc7b9a8d',extremes,Tsunami,#690191,usgs,צונאמי יאקוטאט,2026-01-15T10:56:00+00:00,Canada,0.2718373713672196,1,1,he,NWN,North-America
'e551102071',extremes,Earthquake,#870007,usgs,רעידת אדמה ונואטו,2026-01-15T10:56:00+00:00,Vanuatu,0.2718364448910137,1,1,he,SPO,Pacific Ocean
'e6998a615e',extremes,Earthquake,#870007,usgs,רעידת אדמה murghob,2026-01-15T12:13:00+00:00,Tajikistan,0.2718342128109323,1,1,he,WCA,Asia
'c605f8759a',extremes,Earthquake,#870007,usgs,רעידת אדמה גואם,2026-01-15T10:56:00+00:00,Guam,0.2718323386724093,1,1,he,NPO,Pacific Ocean
'9f3b29621a',extremes,Earthquake,#870007,usgs,רעידת אדמה במרכז הרכס האטלנטי,2026-01-15T10:56:00+00:00,,0.2718320989482345,1,1,he,EAO,Atlantic Ocean
'70773b5956',extremes,Earthquake,#870007,usgs,רעידת אדמה אלסקה,2026-01-15T10:56:00+00:00,Alaska,0.27183145568297,1,1,he,NWN,North-America
'4594f1a372',extremes,Earthquake,#870007,usgs,רעידת אדמה איראן,2026-01-15T10:56:00+00:00,Iran,0.2718249744588121,1,1,he,WCA,Asia
'957a7a09df',extremes,Earthquake,#870007,usgs,רעידת אדמה תחנת attu,2026-01-15T10:56:00+00:00,Alaska,0.2718247930159818,1,1,he,NPO,Pacific Ocean
'db2a276fc1',extremes,Earthquake,#870007,usgs,רעידת אדמה aisen,2026-01-15T12:13:00+00:00,Chile,0.2718245100313835,1,1,he,SWS,South-America
'7e7895dc7a',extremes,Earthquake,#870007,usgs,רעידת אדמה טג'יקיסטן,2026-01-15T10:56:00+00:00,Tajikistan,0.2718240888930743,1,1,he,WCA,Asia
'8710bd49ea',extremes,Earthquake,#870007,usgs,רעידת אדמה severo kuril'sk,2026-01-15T10:56:00+00:00,Russia,0.2718233424444694,1,1,he,RFE,Asia
'db5f39549c',extremes,Earthquake,#870007,usgs,רעידת אדמה אינדונזיה,2026-01-15T10:56:00+00:00,Indonesia,0.2718196050281653,1,1,he,SEA,Asia
'85a135fac3',extremes,Earthquake,#870007,usgs,רעידת אדמה ozernovskiy,2026-01-15T10:56:00+00:00,Russia,0.2718194811024073,1,1,he,RFE,Asia
'51dfc3f3e1',extremes,Earthquake,#870007,usgs,רעידת אדמה קוקופו,2026-01-15T10:56:00+00:00,Papua New Guinea,0.2718177223063748,1,1,he,EPO,Pacific Ocean
'fc0fd225f3',extremes,Earthquake,#870007,usgs,רעידת אדמה בורמה מיאנמר,2026-01-15T12:13:00+00:00,Burma (Myanmar),0.2718175980110488,1,1,he,SAS,Asia
'4ea40cfaf4',extremes,Earthquake,#870007,usgs,רעידת אדמה אזור איי הנסיך אדוארד,2026-01-15T10:56:00+00:00,,0.2718086805399844,1,1,he,SOO,Antarctica
'f7921ef009',extremes,Earthquake,#870007,usgs,רעידת אדמה vilyuchinsk,2026-01-15T10:56:00+00:00,Russia,0.2718074862869507,1,1,he,RFE,Asia
'1133ce1349',extremes,Earthquake,#870007,usgs,רעידת אדמה בקוסטה ריקה,2026-01-15T12:13:00+00:00,Costa Rica,0.2718070965431488,1,1,he,SCA,South-America
'c685705bbd',extremes,Earthquake,#870007,usgs,רעידת אדמה בסין,2026-01-15T10:56:00+00:00,China,0.2718067156249892,1,1,he,EAS,Asia
'6bf5e2061d',extremes,Earthquake,#870007,usgs,רעידת אדמה castlepoint,2026-01-15T10:56:00+00:00,New Zealand,0.271805689718999,1,1,he,NZ,Oceania
'f5afb20efd',extremes,Earthquake,#870007,usgs,רעידת אדמה באזור איי סנדוויץ',2026-01-15T10:56:00+00:00,,0.2718016652419222,1,1,he,SOO,Antarctica
'17c827a010',extremes,Earthquake,#870007,usgs,רעידת אדמה יפן,2026-01-15T10:56:00+00:00,Japan,0.2718001458867,1,1,he,EAS,Asia
'edcb89e9c3',extremes,Earthquake,#870007,usgs,רעידת אדמה פפואה גינאה החדשה,2026-01-15T10:56:00+00:00,Papua New Guinea,0.2717999965031588,1,1,he,SEA,Asia
'03f33e230d',extremes,Earthquake,#870007,usgs,רעידת אדמה צ'ילה,2026-01-15T10:56:00+00:00,Chile,0.2717925587436505,1,1,he,SWS,South-America
'0a2120b175',extremes,Earthquake,#870007,usgs,רעידת אדמה דייגו דה אלמגרו,2026-01-15T10:56:00+00:00,Chile,0.2717915023027328,1,1,he,SWS,South-America
'7d79b2a1fb',extremes,Earthquake,#870007,usgs,רעידת אדמה קנקונג,2026-01-15T12:13:00+00:00,Indonesia,0.2717905854242224,1,1,he,NAU,Oceania
'3e797c4058',extremes,Earthquake,#870007,usgs,רעידת אדמה פיג'י,2026-01-15T10:56:00+00:00,Fiji,0.271786553932886,1,1,he,SPO,Pacific Ocean
'6628268bda',extremes,Earthquake,#870007,usgs,רעידת אדמה קורלה,2026-01-15T10:56:00+00:00,China,0.2717864982562222,1,1,he,ECA,Asia
'd920e41c1e',extremes,Earthquake,#870007,usgs,רעידת אדמה מקל,2026-01-15T12:13:00+00:00,Ethiopia,0.2717854040008172,1,1,he,NEAF,Africa
'8bf8909453',extremes,Earthquake,#870007,usgs,רעידת אדמה לבוקה,2026-01-15T10:56:00+00:00,Fiji,0.2717782180491243,1,1,he,SPO,Pacific Ocean
'9de3c9007e',extremes,Earthquake,#870007,usgs,רעידת אדמה יאקוטאט,2026-01-15T10:56:00+00:00,Alaska,0.2717744004149364,1,1,he,NWN,North-America
'2fa9116266',extremes,Earthquake,#870007,usgs,רעידת אדמה נמל alsworth,2026-01-15T12:13:00+00:00,United States,0.2717739625015415,1,1,he,NWN,North-America
'b0d647e9d3',extremes,Earthquake,#870007,usgs,רעידת אדמה בדרום מזרח הודו,2026-01-15T10:56:00+00:00,,0.2717730887011241,1,1,he,SOO,Antarctica
'0f6b56852d',extremes,Earthquake,#870007,usgs,רעידת אדמה baculin,2026-01-15T10:56:00+00:00,Philippines,0.2717712069553181,1,1,he,SEA,Asia
'80f83e2f4e',extremes,Earthquake,#870007,usgs,רעידת אדמה בוליביה,2026-01-15T12:13:00+00:00,Bolivia,0.2717690503530537,1,1,he,SES,South-America
'c797f587a9',extremes,Flood,#030ba1,aidr,מבול boonah queensland,2026-01-15T10:57:00+00:00,Australia,0.2717683105545679,1,1,he,EAU,Oceania
'daed8f4597',extremes,Earthquake,#870007,usgs,רעידת אדמה סומליה,2026-01-15T12:13:00+00:00,Somalia,0.2717640475243465,1,1,he,NEAF,Africa
'997a2e2157',extremes,Earthquake,#870007,usgs,רעידת אדמה ארגנטינה,2026-01-15T10:56:00+00:00,Argentina,0.2717588389408521,1,1,he,SWS,South-America
'90e6558608',extremes,Earthquake,#870007,usgs,רעידת אדמה בדרום הרכס האמצע האטלנטי,2026-01-15T10:56:00+00:00,,0.2717570180651828,1,1,he,SAO,Atlantic Ocean
'ad41fee440',extremes,Earthquake,#870007,usgs,רעידת אדמה לאטה,2026-01-15T10:56:00+00:00,Solomon Islands,0.2717568001644146,1,1,he,SPO,Oceania
'0b2fd57376',extremes,Earthquake,#870007,usgs,רעידת אדמה טייוואן,2026-01-15T12:13:00+00:00,Taiwan,0.2717483301773215,1,1,he,EAS,Asia
'8abf2def70',extremes,Earthquake,#870007,usgs,רעידת אדמה איי הגעש באיי יפן,2026-01-15T10:56:00+00:00,,0.2717453603152907,1,1,he,NPO,Pacific Ocean
'da0b9741fb',extremes,Earthquake,#870007,usgs,רעידת אדמה rancho viejo,2026-01-15T12:13:00+00:00,Mexico,0.2717440014743174,1,1,he,SCA,North-America
'5bf34f285a',extremes,Earthquake,#870007,usgs,רעידת אדמה איטליה,2026-01-15T10:56:00+00:00,Italy,0.2717437936253051,1,1,he,MED,Europe
'505a53d28b',extremes,Earthquake,#870007,usgs,רעידת אדמה פורט וילה,2026-01-15T10:56:00+00:00,Vanuatu,0.271741158270721,1,1,he,SPO,Oceania
'8684156e57',extremes,Earthquake,#870007,usgs,רעידת אדמה isangel,2026-01-15T12:13:00+00:00,Vanuatu,0.2717333270421694,1,1,he,SPO,Pacific Ocean
'17b150a7a2',extremes,Earthquake,#870007,usgs,רעידת אדמה טנזניה,2026-01-15T10:56:00+00:00,Tanzania,0.2717326529803034,1,1,he,SEAF,Africa
'95694d19cf',extremes,Earthquake,#870007,usgs,רעידת אדמה תימן,2026-01-15T12:13:00+00:00,Yemen,0.2717267749855215,1,1,he,NEAF,Africa
'cc449c3731',extremes,Earthquake,#870007,usgs,רעידת אדמה אזור איי קרמדק,2026-01-15T10:56:00+00:00,,0.2717250609168859,1,1,he,SPO,Pacific Ocean
'5484f48de4',extremes,Earthquake,#870007,usgs,רעידת אדמה באמצע הרכס ההודי,2026-01-15T10:56:00+00:00,,0.2717248220686753,1,1,he,SIO,Indian Ocean
'f200ff28aa',extremes,Earthquake,#870007,usgs,רעידת אדמה ארצות הברית,2026-01-15T10:56:00+00:00,United States,0.2717228865411429,1,1,he,WNA,North-America
'e98c9b3f42',extremes,Earthquake,#870007,usgs,מעבר דראק רעידת אדמה,2026-01-15T10:56:00+00:00,,0.2717202890619044,1,1,he,SOO,Antarctica
'6ff5caa4ff',extremes,Earthquake,#870007,usgs,רעידת אדמה אטקה,2026-01-15T10:56:00+00:00,Alaska,0.271719060023959,1,1,he,NPO,Pacific Ocean
'37af8de5d1',extremes,Earthquake,#870007,usgs,רעידת אדמה באזור האי המזרחי,2026-01-15T10:56:00+00:00,,0.2717115728130244,1,1,he,SPO,Pacific Ocean
'd1b76ff32a',extremes,Earthquake,#870007,usgs,רעידת אדמה מיאקו,2026-01-15T10:56:00+00:00,Japan,0.271711311356893,1,1,he,EAS,Asia
'7a3d1676da',extremes,Earthquake,#870007,usgs,רעידת אדמה פיליפינים,2026-01-15T10:56:00+00:00,Philippines,0.271703232366279,1,1,he,SEA,Asia
'53e17b7a15',extremes,Earthquake,#870007,usgs,רעידת אדמה houma,2026-01-15T10:56:00+00:00,Tonga,0.271699611597642,1,1,he,SPO,Pacific Ocean
'3f3ddd0b49',extremes,Earthquake,#870007,usgs,רעידת אדמה הודו,2026-01-15T10:56:00+00:00,India,0.271693877628717,1,1,he,SAS,Asia
'27bfeaeef2',extremes,Earthquake,#870007,usgs,רעידת אדמה איי קוריל,2026-01-15T10:56:00+00:00,,0.2716937364745184,1,1,he,RFE,Asia
'2407b3a8ab',extremes,Drought,#edc291,edo,יובש בורונדי,2026-01-15T10:57:00+00:00,Burundi,0.2716919451404975,1,1,he,SEAF,Africa
'485794e3d4',extremes,Earthquake,#870007,usgs,רעידת אדמה קנדה,2026-01-15T12:13:00+00:00,Canada,0.2716918559586505,1,1,he,NWN,North-America
'3ba62ce4f2',extremes,Earthquake,#870007,usgs,רעידת אדמה יוון,2026-01-15T10:56:00+00:00,Greece,0.2716891604462931,1,1,he,MED,Europe
'526ac614cf',extremes,Earthquake,#870007,usgs,רעידת אדמה סנט מארי,2026-01-15T12:13:00+00:00,Martinique,0.271687255018003,1,1,he,CAR,North-America
'909be204f9',extremes,Earthquake,#870007,usgs,רעידת אדמה מדרום מזרח לאיי הנאמנות,2026-01-15T10:56:00+00:00,,0.271681119031828,1,1,he,SPO,Pacific Ocean
'731557e0bc',extremes,Earthquake,#870007,usgs,רעידת אדמה טימור לסטה,2026-01-15T10:56:00+00:00,Timor Leste,0.2716806369849336,1,1,he,SEA,Asia
'1f343ea703',extremes,Earthquake,#870007,usgs,רעידת אדמה doğanyol,2026-01-15T12:13:00+00:00,Turkey,0.2716552696983159,1,1,he,MED,Asia
'eabe6169ab',extremes,Earthquake,#870007,usgs,רעידת אדמה טונגה,2026-01-15T10:56:00+00:00,Tonga,0.2716416089773169,1,1,he,SPO,Pacific Ocean
'f199635353',extremes,Earthquake,#870007,usgs,רעידת אדמה morigaon,2026-01-15T10:56:00+00:00,India,0.2716390553055358,1,1,he,SAS,Asia
'c42e3feacc',extremes,Earthquake,#870007,usgs,רעידת אדמה מצפון-מערב לאיי קוריל,2026-01-15T10:56:00+00:00,,0.2716334907363343,1,1,he,RFE,Asia
'f6ff301646',extremes,Drought,#edc291,edo,בצורת סומליה,2026-01-15T10:57:00+00:00,Somalia,0.2716307595277647,1,1,he,NEAF,Africa
'd9cc56f031',extremes,Drought,#edc291,edo,תקופה יבשה טג'יקיסטן,2026-01-15T10:57:00+00:00,Tajikistan,0.2716294396510521,1,1,he,WCA,Asia
'22045a461a',extremes,Earthquake,#870007,usgs,רעידת אדמה איזו איי אזור יפן,2026-01-15T10:56:00+00:00,,0.2716290924473013,1,1,he,NPO,Pacific Ocean
'cce4634973',extremes,Drought,#edc291,edo,כישוף יבש קניה,2026-01-15T10:57:00+00:00,Kenya,0.2716113264276814,1,1,he,SEAF,Africa
'08226562a9',extremes,Earthquake,#870007,usgs,רעידת אדמה פאיס,2026-01-15T10:56:00+00:00,Micronesia,0.2716085395687398,1,1,he,NPO,Pacific Ocean
'43540d11be',extremes,Earthquake,#870007,usgs,רעידת אדמה אקשי,2026-01-15T10:56:00+00:00,Japan,0.2716056354175713,1,1,he,EAS,Asia
'2725619969',extremes,Earthquake,#870007,usgs,רעידת אדמה Hanawa,2026-01-15T12:13:00+00:00,Japan,0.2716052660652198,1,1,he,EAS,Asia
'74236bd182',extremes,Drought,#edc291,edo,חוסר גשם באיסלנד,2026-01-15T10:57:00+00:00,Iceland,0.2716006499109582,1,1,he,GIC,Europe
'40a849aef3',extremes,Earthquake,#870007,usgs,רעידת אדמה zhaotong,2026-01-15T12:13:00+00:00,China,0.2715840831651339,1,1,he,EAS,Asia
'982d97b8ec',extremes,Earthquake,#870007,usgs,רעידת אדמה סוזנוויל,2026-01-15T12:13:00+00:00,United States,0.2715730770590041,1,1,he,WNA,North-America
'a6144d1f04',extremes,Earthquake,#870007,usgs,רעידת אדמה עכברושים איי האלאוטיים אלסקה,2026-01-15T10:56:00+00:00,,0.2715718629615182,1,1,he,NPO,Pacific Ocean
'0816dd344b',extremes,Earthquake,#870007,usgs,רעידת אדמה lae,2026-01-15T10:56:00+00:00,Papua New Guinea,0.2715689707938774,1,1,he,SEA,Asia
'f986f74559',extremes,Earthquake,#870007,usgs,רעידת אדמה yonakuni,2026-01-15T10:56:00+00:00,Japan,0.2715646409960104,1,1,he,EAS,Asia
'0e39632695',extremes,Drought,#edc291,edo,חוסר גשם באיראן,2026-01-15T10:57:00+00:00,Iran,0.2715527142396545,1,1,he,WCA,Asia
'1a5e4bce35',extremes,Drought,#edc291,edo,חוסר גשם כווית,2026-01-15T10:57:00+00:00,Kuwait,0.2715520719008006,1,1,he,ARP,Asia
'e1559df16c',extremes,Earthquake,#870007,usgs,רעידת אדמה טובלו,2026-01-15T10:56:00+00:00,Indonesia,0.2715490218743391,1,1,he,SEA,Asia
'c29a12e099',extremes,Earthquake,#870007,usgs,רעידת אדמה בסן ויסנטה דה קאנטה,2026-01-15T12:13:00+00:00,Peru,0.2715416777646466,1,1,he,NWS,South-America
'958e326b08',extremes,Earthquake,#870007,usgs,רעידת אדמה באיי בונין באזור יפן,2026-01-15T10:56:00+00:00,,0.2715410952954409,1,1,he,NPO,Pacific Ocean
'c25ecb1005',extremes,Earthquake,#870007,usgs,רעידת אדמה yilan,2026-01-15T10:56:00+00:00,Taiwan,0.2715366301428277,1,1,he,EAS,Asia
'0ca87424f0',extremes,Drought,#edc291,edo,יובש מרוקו,2026-01-15T10:57:00+00:00,Morocco,0.2715361379186661,1,1,he,MED,Africa
'34799f2163',extremes,Drought,#edc291,edo,רפובליקת הבצורת של קונגו,2026-01-15T10:57:00+00:00,Republic of the Congo,0.2715338497738099,1,1,he,CAF,Africa
'06532967b8',extremes,Drought,#edc291,edo,חוסר גשם ברזיל,2026-01-15T10:57:00+00:00,Brazil,0.2715299561333928,1,1,he,SAM,South-America
'eb91bf9344',extremes,Earthquake,#870007,usgs,רעידת אדמה מדרום לאיי קרמדק,2026-01-15T10:56:00+00:00,,0.27152688652486856,1,1,he,SPO,Pacific Ocean
'bef1a25283',extremes,Drought,#edc291,edo,יובש סוריה,2026-01-15T10:57:00+00:00,Syria,0.2715241383175806,1,1,he,MED,Asia
'1c9dc747da',extremes,Drought,#edc291,edo,חוסר גשם בקובה,2026-01-15T10:57:00+00:00,Cuba,0.2715229193890015,1,1,he,CAR,North-America
'16348a6786',extremes,Drought,#edc291,edo,תוניסיה יבשה,2026-01-15T10:57:00+00:00,Tunisia,0.2715226301443713,1,1,he,MED,Africa
'a627698ed3',extremes,Earthquake,#870007,usgs,רעידת אדמה סנטיאגו,2026-01-15T10:56:00+00:00,Philippines,0.27151874133743736,1,1,he,SEA,Asia
'1613eab3ee',extremes,Drought,#edc291,edo,חוסר גשם אתיופיה,2026-01-15T10:57:00+00:00,Ethiopia,0.2715058717432232,1,1,he,NEAF,Africa
'49e564d95b',extremes,Drought,#edc291,edo,איי סבאלברד וג'אן מאין בצורת,2026-01-15T10:57:00+00:00,Svalbard and Jan Mayen Islands,0.27150017084519684,1,1,he,ARO,Arctica
'69a64e0e6b',extremes,Drought,#edc291,edo,יובש בעיראק,2026-01-15T10:57:00+00:00,Iraq,0.27148588587892314,1,1,he,WCA,Asia
'45f861329d',extremes,Landslide,#572c03,aidr,מפולת גבעות אדלייד דרום אוסטרליה,2026-01-15T10:57:00+00:00,Australia,0.2312054529413387,2,1,he,SAU,Oceania
'a241cba1ba',extremes,Volcano,#b83202,eonet,אמבריים געש ונואטו,2026-01-15T10:56:00+00:00,Vanuatu,0.2311918853577977,2,1,he,SPO,Oceania
'6f7179aa00',extremes,Volcano,#b83202,eonet,הר געש פיליפינים,2026-01-15T10:56:00+00:00,Philippines,0.231183731548082,2,1,he,SEA,Asia
'7a2481f0b1',extremes,Flood,#030ba1,aidr,נהר מציף את אוסטרליה,2026-01-15T10:57:00+00:00,Australia,0.2311392746990569,2,1,he,EAU,Oceania
'464d595634',extremes,Earthquake,#870007,usgs,רעידת אדמה camiña,2026-01-15T12:13:00+00:00,Chile,0.2310865299172216,2,1,he,SWS,South-America
'018b9ccc96',extremes,Earthquake,#870007,usgs,רעידת אדמה אזור איחוד מאוריציוס,2026-01-15T10:56:00+00:00,,0.2310863357255152,2,1,he,SIO,Indian Ocean
'6b1cc9478a',extremes,Earthquake,#870007,usgs,רעידת אדמה mabaruma,2026-01-15T10:56:00+00:00,Guyana,0.2310775128147188,2,1,he,NSA,South-America
'd18c9a3f35',extremes,Earthquake,#870007,usgs,רעידת אדמה בסן אנטוניו דה לוס קוברס,2026-01-15T10:56:00+00:00,Argentina,0.2310761012588754,2,1,he,SES,South-America
'fa8badb0c3',extremes,Tsunami,#690191,usgs,צונאמי בקולין,2026-01-15T10:56:00+00:00,Philippines,0.231075243817361,2,1,he,SEA,Asia
'43165fdae0',extremes,Earthquake,#870007,usgs,רעידת אדמה villa basilio nievas,2026-01-15T12:13:00+00:00,Argentina,0.2310677269317954,2,1,he,SWS,South-America
'01e4b0cc71',extremes,Earthquake,#870007,usgs,רעידת אדמה קוריל'סק,2026-01-15T10:56:00+00:00,Russia,0.2310632926694195,2,1,he,EAS,Asia
'f5e86f8f49',extremes,Earthquake,#870007,usgs,רעידת אדמה סן מיגל,2026-01-15T10:56:00+00:00,Ecuador,0.2310602484253391,2,1,he,NWS,South-America
'066ed457ed',extremes,Earthquake,#870007,usgs,רעידת אדמה איי מריאנה הצפוניים,2026-01-15T12:13:00+00:00,Northern Mariana Islands,0.2310426680769775,2,1,he,NPO,Pacific Ocean
'29aa7b93c5',extremes,Earthquake,#870007,usgs,רעידת אדמה מדרום לאיי פיג'י,2026-01-15T10:56:00+00:00,,0.2310166286275143,2,1,he,SPO,Pacific Ocean
'3e36cbc783',extremes,Earthquake,#870007,usgs,רעידת אדמה la concepción,2026-01-15T12:13:00+00:00,Venezuela,0.2310136211282333,2,1,he,NWS,South-America
'd46b5571fa',extremes,Tsunami,#690191,usgs,צונאמי טייוואן,2026-01-15T12:13:00+00:00,Taiwan,0.2309854072321682,2,1,he,EAS,Asia
'ba6e07a583',extremes,Storm,#b3b2b1,emdat,סערה בנפות אל-חשכה,2026-01-15T10:57:00+00:00,Syria,0.2309713958223532,2,1,he,MED,Asia
'8b5b4c9d3b',extremes,Earthquake,#870007,usgs,רעידת אדמה פורטו סנטה,2026-01-15T10:56:00+00:00,Peru,0.2309578919591298,2,1,he,NWS,South-America
'7d68920b56',extremes,Earthquake,#870007,usgs,רעידת אדמה ניקרגואה,2026-01-15T10:56:00+00:00,Nicaragua,0.230916780460915,2,1,he,SCA,North-America
'1fefacbadb',extremes,Iceberg,#d60d2b,random,הקרחון,2026-01-15T10:20:00+00:00,,0.2232835354376688,1,2,he,,
'f7a0f1c060',extremes,Cold Wave,#a7e9fa,random,השנה הקרה ביותר,2026-01-15T10:20:00+00:00,,0.1471721414611499,0,1,he,,
'b6cef22543',extremes,Drought,#edc291,random,הגבלת מים,2026-01-15T10:20:00+00:00,,0.1466996666578138,0,1,he,,
'95b2881221',extremes,Precipitation,#d60d2b,random,נהר אטמוספרי,2026-01-15T10:20:00+00:00,,0.1465769511973332,0,1,he,,
'ccefefc59e',extremes,Drought,#edc291,random,בצורת הבזק,2026-01-15T10:20:00+00:00,,0.1461951224549234,0,1,he,,
'f90601fa23',extremes,Volcano,#b83202,random,התפרצות הר געש,2026-01-15T10:20:00+00:00,,0.1456038068151502,0,1,he,,
'f3b91506ec',extremes,Cold Wave,#a7e9fa,random,קור שיא,2026-01-15T10:20:00+00:00,,0.1245499625718035,1,1,he,,
'0053afc92f',extremes,Volcano,#b83202,random,להאר,2026-01-15T10:20:00+00:00,,0.1243477169643835,1,1,he,,
'45480a05ce',extremes,Tropical Cyclone,#4f4f4f,random,טייפון,2026-01-15T10:20:00+00:00,,0.1241841951268865,1,1,he,,
'633ed59c63',extremes,Iceberg,#d60d2b,random,קרח ים ארקטי,2026-01-15T10:20:00+00:00,,0.1057865135028643,2,1,he,,
